,bin0,bin1,bin2,bin3,bin4,bin5,bin6,bin7,bin8,bin9,bin10,bin11,bin12,bin13,bin14,bin15,bin16,bin17,bin18,bin19,bin20,bin21,bin22,bin23,bin24,bin25,bin26,bin27,bin28,bin29,bin30,bin31,bin32,bin33,bin34,bin35,bin36,bin37,bin38,bin39,bin40,bin41,bin42,bin43,bin44,bin45,bin46,bin47,bin48,bin49,bin50,bin51,bin52,bin53,bin54,bin55,bin56,bin57,bin58,bin59,bin60,bin61,bin62,bin63,bin64,bin65,bin66,bin67,bin68,bin69,bin70,bin71,bin72,bin73,bin74,bin75,bin76,bin77,bin78,bin79,bin80,bin81,bin82,bin83,bin84,bin85,bin86,bin87,bin88,bin89,bin90,bin91,bin92,bin93,bin94,bin95,bin96,bin97,bin98,bin99
0,0,2,5,3,1,1,4,3,2,1,4,5,1,5,1,2,0,4,1,0,2,1,1,3,0,2,2,1,2,2,3,2,1,1,4,4,2,1,0,4,1,2,0,4,5,1,5,0,2,4,2,3,3,2,3,1,2,1,0,0,1,1,2,3,2,3,1,1,2,0,2,4,3,4,2,2,1,2,3,2,2,2,0,2,0,2,1,0,4,1,1,1,1,3,0,3,5,1,3,3
1,1,1,1,1,1,0,2,0,0,0,0,0,4,1,5,1,1,2,2,1,1,0,2,0,2,0,2,3,1,1,3,3,1,0,1,1,3,3,1,3,0,0,1,2,1,0,2,0,1,2,1,4,0,1,1,5,1,3,3,3,3,2,2,0,2,3,3,2,2,1,3,0,5,0,2,1,2,3,2,2,3,2,3,5,6,1,1,0,4,3,6,3,5,5,2,6,4,7,4,4
2,2,3,1,1,1,4,4,4,0,4,5,3,1,6,1,3,1,3,1,0,1,2,1,3,4,1,2,1,5,3,0,2,7,4,1,1,1,2,3,1,3,2,1,5,0,5,2,1,1,2,3,3,0,3,1,2,2,3,2,2,0,0,4,2,0,3,2,2,2,1,2,1,3,2,1,3,2,3,0,1,0,0,3,1,2,0,3,2,1,1,4,1,1,4,2,1,1,2,0,1
3,1,0,3,1,0,2,2,1,2,4,2,2,0,2,4,1,2,0,1,2,3,1,2,1,1,3,1,1,6,0,3,3,2,2,2,0,3,0,2,1,2,2,1,1,1,1,3,3,2,3,0,2,2,4,2,2,1,2,1,3,1,0,2,3,2,3,5,2,5,1,2,4,1,1,1,1,2,3,3,1,1,2,3,0,3,2,2,3,1,3,4,1,3,2,3,4,4,2,2,5
4,3,4,3,2,3,2,1,3,2,1,2,2,0,3,2,2,0,3,1,1,1,0,3,1,1,5,1,0,1,2,2,0,2,1,1,1,0,2,0,1,3,3,4,2,1,1,3,1,4,2,0,2,4,1,2,0,0,1,1,5,3,1,1,2,2,0,4,4,2,2,1,3,5,1,1,4,1,4,4,3,1,0,4,3,2,3,4,2,3,1,3,4,4,1,1,2,2,3,2,2
5,0,0,0,0,2,0,0,0,0,0,0,0,0,0,0,0,1,2,0,0,1,3,1,3,0,2,2,1,3,1,1,1,0,1,0,2,2,0,2,3,1,1,2,2,1,2,2,1,0,1,3,2,3,3,0,4,2,1,1,2,2,2,2,0,2,2,4,1,6,3,2,4,3,2,4,2,2,4,3,2,3,6,4,4,4,3,2,6,4,3,9,7,3,5,4,3,3,0,3,4
6,4,5,2,7,5,2,3,1,0,1,5,1,3,1,1,2,3,4,6,1,8,2,2,2,3,2,1,1,2,2,1,2,2,2,1,2,4,1,3,1,2,2,8,1,1,1,2,1,0,1,2,2,2,1,5,0,2,4,2,3,2,1,3,3,1,1,2,3,1,0,2,0,1,3,2,2,2,3,2,4,1,1,0,1,0,5,0,2,0,0,3,2,0,2,1,0,0,0,1,0
7,3,3,4,3,1,2,3,2,2,5,2,2,3,3,2,1,0,4,2,0,2,6,3,3,2,3,2,0,4,6,4,1,3,3,3,1,1,2,1,1,2,1,0,3,1,1,1,1,0,5,6,0,1,0,0,2,2,2,4,1,2,0,1,2,2,3,2,2,2,1,3,0,2,1,1,0,2,5,1,1,0,3,3,2,3,3,1,3,3,3,0,0,1,0,1,3,2,2,0,3
8,0,2,0,1,2,1,1,1,2,1,2,3,1,0,1,0,0,0,0,2,1,1,3,0,0,2,2,2,1,2,0,4,3,1,0,1,2,0,2,0,0,0,3,3,5,3,4,1,4,1,2,1,7,0,5,3,1,1,3,5,3,1,2,3,0,4,1,3,4,2,0,2,1,3,2,1,5,2,2,4,4,1,1,4,0,6,2,3,2,1,2,4,2,0,3,3,5,2,6,5
9,2,0,4,3,5,1,1,1,1,0,1,2,3,2,1,1,0,1,3,4,1,5,1,0,1,0,4,2,5,3,0,1,1,0,1,2,1,1,3,1,1,5,1,3,1,2,2,5,0,3,0,2,1,1,2,2,1,3,7,1,3,0,1,2,1,1,1,1,3,7,3,1,2,2,3,2,2,3,3,2,3,6,1,2,3,1,2,0,3,1,1,4,2,3,4,1,2,1,1,4
10,1,0,4,0,4,1,1,0,5,2,1,3,1,1,1,2,4,0,3,3,0,0,3,1,2,1,2,3,1,1,1,3,2,4,0,4,7,3,4,1,7,1,1,2,1,4,2,2,2,1,2,4,1,2,1,2,2,3,3,7,1,1,3,2,5,2,1,3,1,1,2,1,1,0,1,1,2,1,4,3,2,1,1,2,1,1,0,4,1,1,2,1,2,3,3,2,1,1,3,2
11,0,2,3,1,0,2,0,3,4,1,1,3,2,0,3,3,2,0,2,1,0,3,0,1,1,1,2,2,2,2,0,1,1,3,2,3,3,1,1,0,1,3,2,1,2,2,1,3,2,3,2,2,2,2,1,2,0,2,3,4,1,3,1,2,3,0,0,2,2,3,2,3,0,1,1,3,2,1,5,1,3,6,2,4,0,3,3,5,3,1,4,1,2,4,3,4,1,2,6,5
12,2,0,0,2,1,2,2,2,3,3,3,2,1,0,0,2,3,1,6,4,1,2,0,5,2,1,1,1,1,1,1,3,4,1,2,3,3,1,3,2,3,1,2,2,2,3,3,2,2,1,1,4,2,6,0,4,4,6,1,4,1,2,2,1,1,3,3,0,1,1,5,2,0,1,3,2,1,1,2,2,1,0,2,1,1,2,3,1,1,2,2,4,2,2,1,4,1,2,1,3
13,1,1,3,2,2,9,5,2,5,4,1,6,1,4,3,3,3,1,3,2,1,1,2,4,1,2,1,2,3,2,0,1,1,3,3,3,4,0,3,1,1,4,0,0,4,1,1,2,2,2,2,1,1,2,1,3,2,0,1,2,2,1,0,1,3,3,1,2,3,1,2,3,1,3,1,4,2,1,0,5,0,3,1,4,3,3,0,1,2,1,1,0,2,1,2,1,0,2,2,1
14,0,4,3,3,1,2,4,0,2,2,3,2,6,2,4,3,3,3,2,0,2,3,3,4,3,0,0,3,2,4,1,3,2,2,1,5,5,2,3,1,3,1,2,0,3,0,1,1,3,2,5,2,2,1,2,1,1,4,3,1,1,1,2,3,1,1,3,0,5,1,1,2,2,1,2,0,3,5,3,1,1,0,0,1,2,2,2,2,2,3,4,2,0,1,1,0,1,0,1,1
15,4,3,1,2,5,3,2,2,4,0,4,1,5,3,3,0,5,2,2,0,1,3,3,2,2,3,4,2,3,4,1,3,0,4,1,1,0,1,0,1,2,2,2,4,3,1,4,2,2,0,3,2,1,0,1,1,3,5,3,1,4,1,1,3,2,1,4,0,2,5,0,0,0,1,1,0,4,0,2,2,3,0,2,1,1,0,4,3,2,3,2,2,1,0,0,1,2,1,4,3
16,2,1,2,1,1,4,0,2,2,2,2,3,3,2,1,2,4,3,2,2,4,8,2,1,3,1,2,2,2,3,4,1,1,2,1,2,1,1,0,0,3,2,0,2,2,2,2,4,5,0,4,0,3,1,0,3,4,0,2,3,5,8,1,2,2,3,2,3,1,2,0,1,0,2,2,1,1,2,1,3,4,2,2,2,3,3,2,1,0,1,1,1,3,0,1,0,3,0,4,1
17,2,1,0,0,2,2,0,4,2,4,0,2,0,2,3,2,2,2,3,2,4,2,2,4,1,3,3,1,1,1,0,3,2,4,1,1,1,1,1,2,1,0,1,2,2,0,3,1,4,0,0,3,3,4,2,2,2,3,2,0,0,1,3,1,2,0,3,2,1,3,1,0,4,3,2,2,3,6,2,4,3,3,2,0,1,1,4,3,0,5,2,3,1,5,3,3,4,1,2,3
18,4,6,4,2,3,6,2,4,4,3,3,3,6,3,6,3,3,3,5,1,0,3,3,5,4,4,4,2,1,0,2,4,3,3,4,3,0,2,5,1,2,1,3,1,3,2,0,1,3,3,1,3,1,0,0,0,4,1,6,1,0,0,2,2,1,1,3,2,1,0,3,2,2,1,0,1,1,2,1,0,1,1,1,1,1,1,0,0,0,0,1,0,0,1,0,3,0,1,0,0
19,3,1,2,7,1,2,1,1,2,3,1,4,1,0,4,7,3,3,4,2,3,2,3,1,4,4,1,2,2,0,2,3,0,1,2,0,2,1,3,1,0,2,1,1,0,1,2,0,1,1,2,2,2,3,3,2,1,1,1,0,6,2,2,2,3,4,1,1,1,4,0,0,3,1,3,2,2,1,1,1,1,2,4,1,4,2,5,3,1,1,1,4,2,0,1,1,0,2,5,5
20,2,3,1,6,1,2,2,1,2,4,2,1,1,3,1,0,1,2,2,2,3,4,1,2,5,2,4,2,2,3,3,0,0,3,2,2,2,2,2,2,1,3,2,1,0,4,3,1,1,4,0,0,2,3,3,3,3,0,2,3,4,3,2,4,1,1,1,0,4,1,3,1,4,3,2,1,0,3,2,0,3,1,4,1,2,2,1,1,3,0,0,3,2,2,0,0,3,4,4,0
21,1,2,5,3,0,2,1,3,1,1,3,5,4,1,3,3,1,2,0,4,2,1,1,4,1,1,6,6,6,4,1,1,6,2,3,0,1,1,0,4,1,2,1,1,1,2,0,2,0,1,1,0,0,0,2,2,2,2,5,2,1,1,3,2,2,1,5,1,4,1,1,4,1,1,3,1,1,5,0,2,2,1,0,1,2,2,3,4,1,2,0,2,1,2,4,2,0,3,5,0
22,4,2,6,1,1,1,5,5,3,3,3,0,3,1,4,2,2,1,3,3,0,1,2,5,2,3,2,0,2,4,5,1,2,1,2,4,2,2,2,2,1,1,3,1,4,1,2,2,1,3,0,1,3,0,4,5,1,2,0,1,1,2,4,1,2,0,2,4,1,2,1,1,0,1,1,1,1,1,0,2,1,2,2,4,3,4,2,2,3,4,1,3,0,2,1,0,3,1,1,0
23,4,2,2,3,3,2,3,1,4,0,0,3,2,3,2,2,3,3,1,2,3,2,1,1,1,0,0,3,1,3,0,1,1,1,2,1,3,1,3,1,0,1,2,1,0,3,3,3,1,1,3,2,2,2,1,5,1,1,3,2,0,3,0,2,2,2,0,1,2,4,3,1,2,3,3,2,3,2,5,3,1,2,1,8,1,3,0,5,5,5,2,1,2,1,3,1,2,3,0,0
24,1,1,0,2,1,2,4,1,3,2,3,1,3,4,1,2,2,4,2,1,2,5,3,0,5,0,3,0,2,3,3,1,1,1,2,5,2,0,1,1,5,2,4,1,1,0,6,0,3,3,1,1,2,3,5,3,1,3,4,2,0,4,6,0,4,0,3,1,1,2,2,1,3,6,3,2,1,1,4,0,2,2,2,0,1,0,3,0,1,2,3,1,1,2,2,0,3,0,1,0
25,0,0,0,3,2,1,2,2,0,1,2,1,1,1,0,1,0,1,1,0,0,2,1,3,2,1,2,3,2,3,4,1,3,2,2,3,3,3,1,3,0,3,6,1,2,6,3,0,4,1,3,1,1,2,1,3,2,2,2,2,4,2,4,1,1,6,5,1,2,3,1,2,4,2,4,2,1,2,1,2,4,3,2,3,2,2,0,3,5,2,1,4,2,2,1,1,1,3,0,1
26,9,4,2,3,4,5,3,2,3,4,3,2,1,6,3,2,3,2,0,2,0,1,4,2,0,2,2,3,3,0,1,0,3,3,2,4,0,6,2,2,5,0,3,2,0,5,1,1,3,2,0,1,2,1,1,5,3,1,3,3,2,3,0,1,0,3,3,2,1,1,1,2,3,1,1,1,1,1,1,1,2,1,2,1,3,1,0,0,0,2,1,2,2,3,0,0,1,3,1,1
27,1,0,0,1,2,2,2,1,1,0,0,2,1,1,1,0,0,1,4,3,1,1,0,3,1,2,2,1,4,0,2,1,0,1,3,0,2,2,1,2,1,1,4,1,2,4,0,4,4,1,1,2,1,2,5,3,3,2,3,2,1,2,2,1,3,1,2,4,2,1,0,3,6,1,4,1,2,2,3,3,1,4,5,0,5,5,1,2,5,3,4,2,2,2,1,4,2,3,5,2
28,0,1,0,1,1,1,3,3,1,0,2,2,2,4,1,2,3,4,1,3,0,3,2,2,0,3,2,0,2,2,0,0,2,3,5,3,2,2,0,5,3,2,1,3,2,1,0,2,0,0,3,2,3,2,2,4,4,3,4,1,0,1,1,5,1,3,0,0,2,2,2,1,2,3,6,1,5,3,5,2,4,3,1,0,3,2,4,1,0,3,2,2,1,1,5,3,1,2,0,2
29,4,4,4,6,2,0,3,4,6,4,3,2,1,2,3,1,1,1,1,1,5,3,0,4,0,1,1,1,2,0,3,1,4,2,4,5,1,0,0,4,1,1,3,4,0,3,2,2,1,2,1,1,1,1,3,2,0,2,5,0,4,1,4,0,1,3,2,2,2,1,2,1,0,2,4,2,2,3,0,2,1,3,3,1,3,1,1,2,2,1,0,2,0,1,5,0,2,2,1,2
30,3,1,4,2,2,4,4,6,3,4,3,3,0,4,1,4,2,5,1,3,6,1,1,3,2,5,3,3,4,6,1,2,3,1,3,1,1,0,0,2,0,1,1,0,5,1,2,3,2,1,3,1,2,1,0,1,1,3,5,0,0,2,5,2,1,0,2,4,1,4,4,2,1,0,2,1,2,0,3,0,2,0,0,1,5,1,3,1,2,1,2,0,1,1,2,1,0,1,0,0
31,1,2,2,1,2,4,2,3,6,5,2,5,1,4,2,4,2,2,0,3,3,2,3,1,0,1,1,0,2,2,1,2,1,1,3,2,4,4,2,2,2,2,0,2,2,1,5,3,3,3,1,4,2,4,1,2,3,2,1,3,3,2,1,1,2,4,3,1,3,2,0,3,4,1,1,1,3,2,1,0,1,0,3,3,0,0,0,2,1,1,2,1,2,2,0,5,1,1,1,0
32,1,1,0,0,1,0,0,1,1,0,2,1,1,3,0,1,0,0,1,0,3,1,2,1,1,4,1,2,1,1,0,1,2,2,1,1,4,1,4,1,4,0,2,0,2,4,2,0,2,0,3,3,2,2,1,1,0,2,1,2,1,4,1,9,5,3,2,1,2,4,3,1,1,2,2,3,1,1,1,1,3,1,5,4,3,2,3,4,2,7,3,3,3,3,1,8,4,1,6,5
33,1,0,3,1,1,4,3,1,4,0,4,1,4,1,0,5,5,2,0,1,1,3,2,2,4,2,0,4,3,4,2,4,2,0,1,2,2,4,2,2,3,3,2,1,1,2,2,1,1,2,2,3,2,2,1,2,3,0,2,2,1,3,2,2,0,1,0,2,1,3,2,3,3,1,2,4,4,1,2,3,0,3,1,2,1,1,4,2,2,1,2,1,3,2,1,4,2,1,3,0
34,3,0,0,1,0,0,0,1,0,1,0,1,1,0,0,1,1,1,2,1,1,0,3,0,0,1,1,1,3,4,1,1,2,1,2,0,2,1,0,2,3,2,2,2,1,1,1,2,1,0,1,4,1,0,4,2,2,0,0,4,1,1,2,2,0,5,3,1,4,3,4,3,3,3,4,0,4,1,2,6,4,5,2,3,5,2,4,4,1,4,3,3,6,3,3,3,2,8,6,4
35,1,2,0,2,2,0,2,3,1,2,0,3,3,0,4,3,1,5,4,0,1,2,0,2,1,2,0,1,4,5,1,3,4,2,1,6,0,2,1,6,5,0,4,1,0,0,1,4,3,4,3,1,1,1,5,2,1,1,1,1,1,1,0,3,2,0,2,2,2,4,0,3,4,2,2,0,2,3,3,3,3,2,4,7,2,3,4,1,1,0,0,0,1,4,1,2,0,3,0,2
36,3,2,5,4,6,2,0,1,1,1,3,2,2,1,1,6,4,1,1,1,5,0,3,1,1,3,2,3,3,5,3,1,1,0,5,3,2,1,1,7,5,7,1,3,3,2,4,2,1,1,3,3,5,4,2,2,1,1,2,3,0,1,2,2,2,2,1,3,3,0,1,2,1,3,1,0,0,1,0,1,1,3,1,1,1,3,1,0,1,1,1,2,0,0,1,2,1,1,0,1
37,4,1,2,4,0,0,2,1,0,2,1,3,0,3,0,2,1,3,2,3,3,1,3,2,0,0,4,3,0,1,1,1,3,5,3,3,4,1,1,1,0,0,3,4,0,1,2,3,1,2,3,1,2,6,4,0,1,3,1,2,1,2,0,1,3,0,1,4,4,2,0,2,1,7,1,2,5,3,4,3,2,3,3,0,1,0,1,2,2,2,3,4,2,3,3,1,1,4,1,3
38,3,5,5,3,8,1,4,3,1,3,1,4,1,2,4,1,3,2,4,4,2,3,1,1,4,0,3,3,3,1,1,0,2,4,3,2,1,1,2,2,3,1,2,5,2,1,3,4,2,2,0,2,1,2,2,1,2,3,1,4,2,1,3,4,1,0,1,4,2,0,1,1,0,2,3,3,2,0,1,0,1,1,0,3,0,1,0,0,2,0,1,2,2,0,0,1,3,2,1,5
39,2,1,4,2,2,3,3,3,2,2,1,2,1,1,2,4,2,1,3,0,0,3,3,5,7,2,2,3,1,3,6,2,3,3,4,0,1,0,1,3,2,6,1,1,1,4,1,2,3,2,0,4,2,2,5,3,0,2,3,2,2,2,0,0,2,1,1,3,3,1,4,2,0,0,1,3,4,1,0,1,1,2,2,1,2,1,1,1,1,1,0,3,1,2,4,1,0,1,1,4
40,0,2,3,4,0,2,1,1,6,3,4,3,0,0,0,4,4,2,2,3,8,1,2,1,2,2,0,5,3,2,2,1,2,1,2,1,9,1,4,3,2,1,3,2,3,3,2,1,4,2,0,1,2,1,1,1,1,1,4,1,2,1,4,1,1,1,0,3,3,3,1,3,1,1,2,2,1,1,1,1,1,1,3,6,3,1,1,1,1,1,1,2,2,4,2,2,2,0,0,1
41,2,1,0,0,0,2,2,1,1,2,1,2,0,3,1,3,1,4,1,4,1,0,2,2,1,0,4,2,0,0,1,3,2,3,1,0,0,2,1,2,2,4,2,1,2,4,0,1,3,1,5,0,2,1,2,2,2,2,1,4,5,3,2,3,3,2,0,4,1,3,1,3,3,5,0,2,1,2,4,4,3,5,3,3,4,2,1,3,1,2,1,3,5,2,3,0,2,2,4,1
42,1,2,1,0,2,3,2,0,2,2,1,0,3,2,1,1,1,4,0,2,0,3,0,1,5,2,1,1,0,2,3,2,2,4,2,0,3,6,3,2,3,2,2,3,2,3,2,3,0,6,2,1,1,3,1,4,3,3,2,2,0,4,4,1,5,3,1,3,4,0,1,2,2,3,2,4,4,2,1,1,3,1,1,2,1,2,2,1,0,3,0,0,4,1,4,4,1,1,0,2
43,0,0,0,0,0,0,0,0,0,0,0,1,0,1,0,0,1,1,1,2,1,0,1,1,1,3,2,1,0,2,2,0,3,2,2,2,3,2,3,1,4,1,2,2,0,0,2,1,3,3,2,1,1,1,0,1,2,3,3,0,0,4,3,2,4,2,3,4,1,2,4,2,4,2,3,4,4,5,2,5,1,0,0,4,2,4,3,0,4,9,3,6,4,6,5,5,4,3,3,3
44,1,2,2,1,2,2,2,3,1,3,4,2,0,2,0,4,1,0,0,2,0,3,2,1,1,6,4,1,0,2,3,2,2,3,5,0,0,2,0,3,3,2,1,3,1,1,2,0,2,3,1,3,2,0,2,0,4,0,0,0,1,1,6,0,2,3,1,3,3,1,6,1,5,1,1,3,2,2,4,0,2,2,1,1,2,1,4,0,1,4,0,2,1,4,5,2,4,4,5,5
45,1,2,0,0,2,1,1,1,3,3,4,0,0,2,1,2,0,0,3,1,3,0,2,2,2,1,3,2,0,1,1,4,1,2,0,2,5,1,0,2,2,4,1,1,3,4,2,5,2,5,6,2,2,0,3,2,2,0,1,1,3,0,3,3,4,0,1,1,1,1,3,5,3,2,2,1,3,2,0,5,3,1,3,5,2,4,2,2,5,4,1,0,4,3,1,1,1,2,0,4
46,2,2,0,2,3,0,2,2,2,1,0,0,1,0,0,1,2,3,1,2,6,3,3,3,2,4,1,1,1,0,1,2,2,1,2,5,1,2,3,2,2,2,5,2,2,4,0,2,2,1,1,1,2,3,2,4,4,2,2,1,1,0,5,0,1,3,1,2,1,1,3,3,2,1,2,4,2,4,4,3,1,1,3,1,2,3,4,2,4,0,0,4,4,5,1,2,1,2,1,1
47,6,2,7,0,0,3,3,2,1,1,1,6,3,2,1,1,2,3,4,4,3,1,1,3,3,2,2,5,3,0,3,2,2,0,3,2,1,3,1,2,3,1,1,1,1,1,2,1,2,1,0,1,0,0,1,3,1,3,2,0,2,1,3,6,0,3,1,2,1,1,1,1,3,3,3,5,5,0,1,1,2,4,1,2,2,2,2,3,2,0,2,1,1,3,2,1,1,3,2,2
48,0,5,2,1,2,0,1,0,0,2,2,0,1,4,1,0,1,0,2,2,3,3,3,2,1,1,1,1,0,5,1,4,4,2,3,3,2,5,3,0,3,1,1,2,4,2,4,4,7,4,2,1,2,1,3,2,4,2,1,2,2,3,2,2,3,2,0,2,1,0,2,1,2,3,5,6,0,0,0,2,4,0,0,3,1,0,2,4,1,2,2,1,1,3,3,4,0,1,2,3
49,1,4,2,2,4,1,3,6,1,2,3,0,4,0,1,6,2,3,3,2,3,6,0,4,3,2,2,5,3,3,3,0,1,1,1,1,0,3,2,0,2,4,2,5,4,3,2,3,1,3,3,5,2,1,0,4,2,3,1,0,1,1,0,6,1,0,1,3,1,2,2,1,1,0,3,2,0,2,4,0,0,2,2,0,2,1,1,1,2,0,3,1,1,1,0,0,1,3,3,2
50,1,6,4,2,1,1,4,3,1,4,1,3,0,1,2,3,1,2,1,3,0,2,1,3,1,1,1,1,2,3,0,3,0,3,0,2,2,3,3,3,4,3,0,3,4,4,1,3,2,2,2,3,2,3,4,2,3,2,3,2,2,4,3,7,1,0,0,3,4,2,2,5,1,2,4,1,1,1,1,3,2,1,0,1,1,1,1,2,2,1,0,0,4,2,0,2,1,0,2,0
51,2,2,1,1,1,1,1,0,3,2,0,3,2,2,2,0,3,1,2,0,2,2,0,1,2,4,3,2,2,0,6,5,2,4,2,3,1,0,2,1,3,0,0,0,4,0,4,5,0,0,0,3,2,4,4,2,2,0,3,4,5,1,2,2,1,5,2,2,3,2,2,2,5,1,3,3,2,1,1,2,1,0,4,1,1,3,2,3,1,2,3,4,3,3,3,3,0,1,2,0
52,7,1,2,6,1,5,3,1,3,2,4,2,3,0,3,4,2,2,5,3,2,1,2,1,5,1,1,2,4,5,2,3,3,1,0,3,1,3,3,0,2,2,2,1,3,1,2,4,0,4,1,3,1,4,0,0,5,2,0,1,6,5,1,1,3,2,3,0,0,2,2,3,1,2,3,1,0,0,0,2,2,0,2,0,0,2,2,2,4,1,0,0,2,0,0,2,2,2,0,0
53,0,1,1,3,1,0,0,1,1,2,3,0,4,1,3,0,1,3,1,1,0,3,2,0,2,1,0,1,0,3,1,1,3,1,2,3,2,5,0,0,1,3,3,4,0,3,0,3,1,1,2,1,3,3,1,2,1,0,2,5,1,1,1,1,1,2,4,2,1,6,2,3,4,0,2,1,4,3,1,4,2,3,3,4,5,4,1,1,4,1,6,2,1,2,2,2,7,3,4,3
54,1,0,1,1,0,3,3,1,1,2,3,4,1,4,2,3,2,0,1,4,2,5,3,2,4,3,1,1,3,2,3,3,1,1,6,1,4,4,2,0,1,1,2,1,1,1,3,4,1,3,2,1,2,3,5,4,2,0,1,3,5,3,1,1,4,4,2,3,3,2,2,1,1,3,1,2,3,1,0,0,1,2,1,0,2,3,1,1,3,1,1,1,0,1,3,2,1,1,2,2
55,2,5,2,6,2,2,1,0,1,0,2,2,5,2,3,5,1,0,7,1,1,2,5,3,0,0,5,3,1,1,3,1,4,2,4,2,4,2,1,4,1,1,2,2,1,0,1,4,0,1,2,3,4,2,0,2,2,2,3,3,3,4,1,2,4,2,2,1,4,2,1,2,2,2,1,1,1,0,1,1,3,2,2,1,3,2,0,2,1,1,3,0,0,0,1,2,2,3,1,1
56,0,0,1,0,0,0,1,1,0,1,0,0,1,0,2,0,0,1,1,1,1,1,1,0,1,0,1,1,0,0,2,0,0,0,1,0,0,1,0,0,0,3,4,0,1,1,0,0,1,2,2,1,2,3,1,1,1,3,1,2,4,0,3,0,3,1,3,1,0,1,2,2,0,3,0,4,2,1,1,5,3,2,5,5,8,3,6,5,5,3,4,5,7,6,7,8,4,8,5,16
57,2,4,1,1,5,1,3,4,1,1,2,2,1,1,2,1,5,1,1,0,3,0,4,1,1,1,4,2,4,4,4,3,2,2,4,4,3,3,2,2,2,1,2,4,2,1,2,1,0,1,1,5,2,4,1,2,4,2,0,2,0,3,1,6,2,2,1,4,1,1,1,1,2,0,2,1,1,2,2,0,3,0,3,4,2,1,2,3,3,3,2,0,2,2,0,1,3,1,0,1
58,0,0,1,0,0,1,1,0,0,0,2,1,2,3,1,0,0,0,1,2,1,3,1,3,2,2,1,6,1,1,1,1,0,3,0,2,3,0,0,3,3,0,2,1,1,2,2,1,1,0,1,1,1,2,4,1,1,3,0,1,4,4,4,4,0,2,5,1,1,0,1,4,1,3,3,1,3,2,6,3,6,2,1,2,0,6,4,2,2,5,5,3,5,1,2,4,4,2,9,6
59,0,2,2,4,1,3,5,6,1,5,3,5,5,0,4,2,1,2,3,4,3,0,5,0,5,2,2,2,1,2,2,0,1,5,2,1,1,1,1,3,4,4,1,2,1,3,3,4,2,3,2,2,4,2,0,0,0,6,2,4,3,3,2,4,3,0,1,1,0,0,1,2,1,2,1,1,1,1,1,2,0,1,3,2,0,3,0,1,0,0,2,2,1,3,3,1,1,1,0,0
60,4,2,1,1,3,1,3,3,1,1,0,1,2,5,4,1,4,2,4,2,1,0,3,1,3,1,2,1,2,1,4,1,2,3,3,2,2,3,3,2,3,2,2,1,3,1,1,2,3,2,0,2,2,3,1,2,3,0,1,0,2,2,3,1,2,3,1,5,6,1,1,2,2,3,3,1,3,1,4,3,2,3,2,2,4,0,2,1,0,1,3,1,1,1,4,0,3,1,0,1
61,1,3,1,2,2,3,2,3,2,3,1,4,1,6,5,2,0,3,2,1,4,0,0,2,2,6,1,1,1,4,1,0,2,0,0,1,1,3,1,3,6,2,2,1,3,1,2,2,8,3,3,3,2,2,0,2,2,1,1,2,1,1,0,1,1,0,2,2,4,3,1,1,5,1,0,4,0,2,0,0,0,2,1,1,2,2,3,0,7,3,2,3,2,2,2,5,1,2,2,1
62,1,5,4,2,4,4,6,4,1,2,2,1,4,4,4,2,3,4,3,1,2,3,6,1,2,1,3,2,3,1,1,6,3,3,3,3,3,2,2,0,3,3,1,1,3,6,2,3,0,2,4,2,1,4,4,1,1,1,2,2,1,1,2,1,3,2,4,0,0,1,2,2,1,1,2,1,1,3,0,0,2,2,0,1,0,1,1,1,1,2,0,0,0,0,0,1,1,1,0,1
63,2,3,4,1,2,3,2,5,4,5,0,0,3,4,3,2,4,2,5,2,3,2,1,1,4,4,1,3,3,4,2,2,2,2,1,1,4,5,2,5,1,2,4,1,2,1,4,2,5,1,3,2,3,1,1,3,0,1,2,0,2,3,2,0,2,1,1,1,1,3,4,3,0,5,2,2,1,1,1,1,1,0,1,1,1,0,2,1,3,0,0,1,1,2,0,0,2,1,0,0
64,0,0,0,0,0,1,2,2,3,0,2,0,2,1,1,1,1,0,0,3,1,5,1,0,1,2,0,2,0,3,5,1,1,4,0,1,0,2,1,1,0,1,2,2,4,2,0,3,1,2,4,2,0,2,2,1,2,0,4,1,1,2,2,2,2,2,0,3,1,5,2,7,1,5,3,5,0,1,5,4,2,4,4,2,2,3,2,4,1,5,2,10,3,1,1,2,6,1,3,4
65,0,0,1,2,1,1,1,1,0,1,0,0,1,0,1,1,1,1,1,3,0,3,0,1,2,1,3,2,1,0,6,1,3,1,3,2,1,0,5,2,1,1,3,1,2,1,2,1,2,3,1,3,3,2,2,4,3,2,3,1,4,3,1,2,2,1,6,1,0,2,3,3,1,3,0,5,6,0,3,3,1,4,2,2,3,5,4,3,5,0,8,1,2,3,2,1,2,3,3,2
66,0,0,0,4,1,1,0,0,0,4,2,1,2,1,3,3,0,2,1,4,0,0,0,1,3,1,2,2,1,2,2,3,2,1,1,1,0,0,0,3,2,1,4,2,1,1,3,1,4,1,4,3,2,3,4,1,2,3,0,2,2,3,3,6,1,2,3,2,3,3,4,1,2,3,3,4,3,3,0,1,2,1,5,2,1,2,3,4,2,3,2,3,3,2,4,0,4,2,2,3
67,11,4,5,1,5,4,5,3,4,6,3,6,2,3,3,3,0,2,3,4,2,0,3,1,2,0,3,3,3,1,2,6,3,1,1,3,3,0,5,1,3,4,2,3,0,3,1,1,1,0,2,1,1,2,0,1,1,2,3,4,1,3,2,1,3,4,2,1,1,1,0,1,1,1,1,1,0,2,1,1,3,0,1,1,2,2,0,1,1,1,0,0,1,0,2,0,1,1,0,0
68,0,2,3,0,1,0,3,0,4,2,0,1,1,1,0,4,4,2,1,1,1,1,1,2,1,1,1,0,2,1,4,2,1,1,1,0,1,1,4,0,4,1,2,2,1,1,0,2,4,5,0,2,2,6,3,1,1,3,3,0,3,4,4,4,1,4,2,3,7,7,1,2,3,3,1,2,0,1,2,3,5,2,1,3,0,3,2,2,1,1,3,0,2,3,1,2,5,2,2,4
69,6,1,3,3,8,2,3,4,6,2,1,2,2,1,3,5,2,0,4,4,0,1,4,4,4,3,2,3,3,2,1,3,0,3,4,3,2,3,2,3,0,0,1,2,1,1,1,0,1,0,4,1,3,0,3,2,4,5,3,1,1,2,2,0,1,1,6,3,3,1,2,2,0,0,4,2,2,1,1,1,1,1,1,0,2,1,2,1,3,2,0,0,1,1,1,2,1,0,0,0
70,5,3,2,3,2,2,0,0,5,1,3,2,2,2,1,1,2,6,2,2,3,0,2,1,2,1,3,0,2,2,2,2,1,1,1,2,2,5,4,1,1,1,3,3,3,1,1,3,1,4,3,0,4,2,2,4,1,3,4,2,1,1,3,0,4,1,3,2,2,0,1,2,3,3,0,2,1,1,5,3,0,0,4,3,0,1,3,0,2,1,2,2,3,2,3,2,1,0,2,2
71,0,0,1,1,2,0,1,1,0,4,1,2,2,1,1,2,2,4,2,2,2,1,1,3,3,0,3,0,4,0,0,2,2,2,3,1,2,4,1,1,0,2,2,2,5,2,2,3,1,0,1,3,6,1,3,2,2,2,2,3,1,4,1,2,1,3,4,3,2,1,1,4,2,2,1,4,3,2,1,2,5,4,1,2,0,3,3,3,3,3,1,2,1,3,2,3,1,3,2,3
72,1,0,1,0,0,3,1,1,1,1,6,0,1,1,1,2,1,1,1,2,4,1,2,2,3,2,0,1,2,1,0,3,3,2,1,1,1,5,0,2,1,0,0,2,3,3,7,1,2,2,2,5,2,2,0,2,2,3,0,0,4,3,1,4,1,2,3,2,2,1,1,4,0,2,1,3,1,1,6,5,0,7,2,5,4,5,3,4,1,2,4,1,0,2,3,4,2,2,1,1
73,1,2,1,0,5,2,1,3,1,0,4,4,2,1,3,5,3,1,0,3,1,3,5,3,3,1,2,2,3,2,3,3,1,0,1,2,1,3,3,3,0,2,2,3,0,4,3,2,0,2,1,1,2,0,3,4,3,3,2,1,2,3,1,1,2,2,3,3,0,1,4,1,3,3,5,1,1,2,4,2,1,3,3,1,0,3,1,0,0,1,0,3,1,2,3,5,1,0,3,0
74,4,5,1,1,3,1,1,3,2,3,3,1,1,4,2,4,3,1,3,1,1,1,4,1,1,4,1,3,3,1,0,1,3,0,1,3,2,4,4,2,6,0,2,4,2,3,0,1,2,1,2,2,1,1,0,2,2,2,0,5,2,2,3,0,4,1,0,1,1,3,3,0,2,3,1,0,1,3,0,1,3,2,0,5,3,2,2,1,1,2,4,2,1,4,3,2,4,1,1,1
75,0,0,4,1,0,3,1,1,3,0,3,1,2,1,2,1,3,3,2,0,0,2,1,3,2,0,3,6,2,2,2,2,1,2,1,1,1,3,1,1,1,1,3,1,5,1,0,1,1,3,3,3,2,2,0,0,4,2,1,1,1,0,3,1,2,5,4,1,1,1,4,4,2,0,4,3,4,1,3,3,1,3,2,5,1,4,3,2,3,3,2,4,2,2,2,1,1,4,5,1
76,4,6,5,4,3,3,0,7,1,6,3,1,3,4,1,2,0,2,3,2,3,1,3,4,2,4,1,2,3,2,3,2,2,3,1,4,1,2,5,2,2,4,3,0,0,1,1,3,2,2,3,1,1,4,2,2,4,2,3,2,0,2,1,0,1,2,0,2,1,1,5,2,0,1,0,2,2,0,3,0,2,0,1,1,0,0,3,4,0,1,0,2,2,1,1,0,0,1,3,1
77,4,2,1,3,3,2,3,1,2,5,4,2,3,2,2,3,2,2,2,5,2,4,5,1,3,7,3,1,4,2,1,2,4,0,1,2,1,1,2,2,4,1,2,2,1,0,0,3,1,2,1,1,0,0,3,3,0,1,0,1,5,0,1,5,2,0,0,3,1,3,1,2,3,1,1,2,2,5,2,3,3,3,0,0,1,1,0,2,2,3,3,3,2,0,2,1,2,0,1,2
78,3,5,3,1,1,1,2,2,3,1,1,0,0,1,5,2,6,0,2,1,4,3,1,3,0,8,0,3,2,2,0,2,3,4,5,0,2,1,2,0,0,2,4,2,1,1,3,1,2,1,6,4,2,2,2,0,6,2,1,0,2,0,1,3,2,6,1,2,0,5,3,2,0,1,1,5,1,1,1,0,2,2,4,1,1,2,2,2,3,2,1,2,3,1,1,0,0,4,2,1
79,2,2,0,0,1,4,2,3,1,0,2,2,2,4,1,1,3,1,6,1,2,1,3,2,4,2,0,1,2,2,1,3,2,2,1,2,2,2,3,4,3,5,2,2,5,5,1,2,0,2,1,2,2,3,4,1,1,3,2,1,1,2,1,1,3,0,3,3,3,2,2,0,1,2,1,1,4,1,1,1,2,0,4,1,2,2,5,0,3,2,1,3,4,4,3,1,2,2,0,0
80,2,3,1,1,1,1,2,0,2,1,0,3,0,2,3,4,0,2,0,2,3,1,0,5,3,3,1,1,0,2,2,0,0,0,2,3,2,2,4,2,1,2,1,1,2,1,2,1,2,1,2,3,0,2,1,4,1,3,2,4,5,1,1,1,4,1,2,5,4,4,2,7,3,3,1,3,3,2,1,1,2,2,4,1,3,2,2,1,2,4,1,0,3,4,3,4,2,0,0,4
81,4,2,1,3,0,0,3,2,1,4,1,0,3,3,1,2,2,0,2,4,2,2,0,0,0,4,4,3,1,2,4,3,0,2,0,2,6,2,4,3,1,2,0,4,0,3,1,2,2,0,0,2,2,3,3,0,4,2,1,3,3,2,4,1,1,1,1,2,0,0,3,1,3,1,0,3,1,2,3,4,4,2,5,1,1,1,1,5,3,2,2,2,2,4,4,1,1,1,3,2
82,2,2,2,6,3,1,5,6,3,3,3,1,4,4,0,0,1,6,1,3,1,1,0,2,2,3,3,3,1,1,2,3,3,1,2,0,1,4,5,2,2,5,2,4,0,2,3,3,2,1,3,1,2,2,0,1,3,1,3,1,5,4,2,1,2,1,0,3,3,1,0,2,1,1,0,2,2,1,0,3,2,3,1,1,2,1,0,1,1,2,3,2,2,0,0,0,2,3,3,0
83,7,3,2,2,3,2,3,2,3,4,1,3,5,1,4,1,3,4,1,0,5,1,1,1,2,3,1,2,1,1,3,2,3,1,3,3,1,0,0,2,0,3,7,2,1,3,2,2,0,2,9,2,2,1,1,1,2,3,1,1,4,0,1,2,6,1,1,2,1,3,1,2,4,2,3,3,3,2,0,2,2,2,2,1,0,0,1,3,0,0,0,0,0,1,1,2,1,2,4,0
84,1,3,3,5,4,4,3,1,3,1,1,2,2,1,4,0,3,1,0,6,2,3,1,3,0,3,1,1,5,1,2,4,4,1,2,3,1,2,2,3,1,1,3,3,2,1,1,0,1,2,0,1,2,2,3,1,3,3,1,3,2,2,1,2,0,4,5,3,2,6,2,2,1,0,3,2,1,2,1,1,1,2,2,3,3,1,4,1,1,2,1,2,1,1,2,1,1,2,1,0
85,2,2,4,2,2,3,1,3,1,1,1,1,3,0,3,0,1,2,3,2,1,3,2,1,2,1,3,3,0,2,3,2,2,3,0,1,6,1,1,2,0,0,1,2,2,2,1,4,4,3,3,1,4,6,0,2,6,2,4,0,1,3,1,2,3,5,1,0,0,2,2,2,2,1,2,0,1,3,6,2,1,2,2,1,3,5,0,0,0,2,4,3,2,2,2,3,3,2,0,1
86,2,5,2,3,5,3,4,5,3,2,1,4,6,4,1,3,3,2,2,4,4,1,4,3,1,2,2,2,0,2,2,0,3,6,0,5,1,1,3,1,2,5,0,5,3,1,3,2,6,1,1,3,1,1,1,1,1,2,3,1,2,2,3,0,3,1,0,1,2,1,2,1,0,1,4,0,0,1,1,1,0,3,1,0,3,0,0,3,1,2,0,1,2,0,0,2,1,4,0,1
87,4,3,2,5,3,3,0,2,2,2,4,1,2,3,2,3,3,3,3,3,0,1,2,2,1,1,3,3,1,1,3,0,1,0,4,2,1,2,2,1,3,1,2,0,3,6,2,1,6,3,2,0,0,1,1,1,3,2,1,4,3,1,0,3,1,0,2,0,0,1,3,2,1,4,1,2,3,5,1,2,0,1,4,1,3,1,1,1,0,1,4,1,1,2,2,4,3,5,1,3
88,0,2,1,1,4,2,1,2,1,4,1,2,3,0,4,1,1,0,3,3,3,4,3,2,2,5,0,2,1,3,0,3,2,2,3,3,1,4,1,3,1,1,2,2,3,2,4,4,2,1,1,1,2,0,2,0,1,1,1,3,2,3,0,1,1,2,2,2,2,4,1,0,3,3,3,2,2,2,2,2,3,3,1,1,3,1,1,4,5,0,3,1,2,4,1,2,5,0,2,2
89,0,2,3,0,2,0,0,0,0,0,3,2,1,0,3,2,1,0,1,1,2,0,1,0,2,0,1,1,2,2,4,2,1,4,2,5,0,2,3,3,1,3,1,1,3,1,2,4,3,3,2,3,3,1,4,2,1,1,2,1,3,2,1,1,4,3,3,2,0,2,0,1,3,3,1,2,3,4,2,2,3,4,3,3,5,2,5,4,0,5,2,3,3,0,3,2,3,2,3,3
90,0,0,0,0,0,1,0,0,2,0,1,0,0,0,0,0,1,0,2,0,0,2,1,1,1,1,3,3,2,0,0,2,1,1,2,3,1,1,4,2,2,1,1,0,2,2,3,5,0,6,3,3,0,1,4,4,1,4,3,1,0,0,3,3,0,6,2,2,2,3,7,1,4,4,3,0,1,3,1,1,3,2,1,5,2,2,1,7,6,2,5,3,4,1,2,6,5,6,3,4
91,0,0,0,0,1,1,0,0,4,2,3,1,0,5,0,0,1,2,1,2,1,2,2,1,2,0,3,1,3,0,4,3,1,2,0,0,0,2,2,3,4,2,1,1,5,2,1,0,3,2,2,2,3,0,4,3,2,1,1,3,0,6,3,0,2,2,3,1,4,2,2,1,3,1,3,5,0,2,1,0,5,6,1,2,3,4,1,1,0,3,3,3,5,3,7,4,3,3,5,0
92,2,2,2,4,1,3,2,3,1,2,2,2,6,3,3,2,3,2,2,5,3,3,0,0,2,5,1,0,1,3,4,2,3,3,2,2,3,2,2,4,0,1,6,3,5,2,2,2,0,1,2,2,4,2,1,0,2,3,3,2,1,2,3,1,1,1,3,0,3,3,3,3,1,2,1,2,1,1,4,1,2,0,2,1,1,4,2,1,3,0,1,0,2,0,3,1,0,0,0,0
93,1,4,2,3,2,3,1,2,1,1,2,3,1,2,0,3,3,3,2,1,5,3,2,3,1,0,2,3,2,2,3,5,2,3,5,2,3,2,1,2,0,4,0,2,3,1,3,0,2,0,0,2,1,2,3,1,0,4,1,3,1,0,2,5,2,3,1,1,1,2,0,3,2,3,2,0,4,4,2,5,2,2,2,2,2,0,1,1,1,2,0,3,2,2,1,0,3,2,1,5
94,0,0,3,3,2,0,0,2,1,0,2,0,2,1,0,1,5,4,2,1,0,3,2,1,2,1,2,3,1,2,0,2,4,1,3,0,4,4,1,3,0,1,1,6,3,4,0,0,4,5,2,0,2,5,5,1,2,0,2,3,3,4,1,0,2,2,2,2,2,2,3,1,0,2,3,4,3,3,2,2,5,3,2,3,0,3,4,2,3,3,2,2,1,2,0,0,3,3,1,1
95,0,0,2,3,1,9,1,2,2,2,1,2,5,2,5,0,4,1,1,2,4,1,1,4,2,0,2,4,2,2,2,0,2,1,3,2,3,3,2,4,5,2,1,3,2,1,3,3,2,3,2,2,6,1,1,3,0,1,0,3,4,1,2,0,4,2,2,2,1,2,2,1,2,0,1,0,2,3,2,1,2,4,1,1,1,0,4,1,1,4,1,1,1,1,0,2,2,2,2,2
96,4,0,0,2,5,4,5,1,2,1,4,3,2,1,4,2,5,3,0,2,2,2,2,3,4,3,3,2,2,2,1,3,1,2,4,3,2,1,5,3,1,7,0,1,1,2,1,2,2,1,3,1,1,2,3,0,3,4,1,2,1,0,2,1,2,1,1,1,2,0,2,2,1,1,1,2,2,1,2,3,3,1,1,1,1,0,1,4,2,2,1,3,3,0,5,0,2,3,1,0
97,4,4,2,1,3,3,1,1,5,1,6,7,1,3,2,0,3,5,3,3,1,4,2,4,3,0,4,3,0,1,5,5,3,5,0,1,2,2,4,0,2,5,3,5,2,0,1,2,4,2,2,2,1,3,2,1,0,1,0,4,0,3,1,2,0,3,1,2,0,2,3,1,2,4,4,0,2,3,2,3,1,1,2,0,1,0,0,0,1,0,0,0,1,2,0,1,1,0,2,0
98,2,1,2,1,1,1,4,1,2,2,1,2,2,2,3,2,4,3,1,3,2,2,1,2,2,1,2,1,2,2,2,1,1,2,2,0,0,3,3,2,2,3,0,1,4,4,3,2,0,4,2,2,2,3,2,2,1,1,2,1,2,3,1,3,1,0,2,1,2,2,4,0,5,2,1,1,2,4,5,2,0,1,1,0,4,1,6,2,1,4,5,1,2,2,1,1,1,6,2,2
99,2,1,2,0,1,0,0,3,1,2,1,1,3,1,3,1,1,2,1,1,2,3,11,3,1,2,6,2,1,2,2,3,2,4,2,1,1,3,1,4,1,3,2,1,1,1,4,1,3,3,1,4,4,2,1,3,3,0,2,1,1,5,1,2,3,3,1,3,3,1,2,3,1,3,1,3,2,0,2,2,2,0,0,1,2,2,1,2,4,2,1,3,3,1,2,0,3,1,2,2
